{"cameraMode":{"drawMode":0,"name":"Shaded","section":"Shading Mode"},"sceneLighting":true,"audioPlay":false,"sceneViewState":{"showFog":true,"showMaterialUpdate":false,"showSkybox":true,"showFlares":true,"showImageEffects":true,"showParticleSystems":true},"in2DMode":false,"pivot":{"x":368.00006103515627,"y":225.586669921875,"z":6.193838596343994},"rotation":{"x":0.07554615288972855,"y":-0.6126507520675659,"z":0.05899583175778389,"w":0.7845212817192078},"size":432.29205322265627,"orthographic":false}